model,instance_id,topic_label,n_variants,sms,auc_e,trd,kpig,ppl_var,bf,cs,hs,faithfulness,human_score,avg_length,avg_coverage,usd,trd_semantic,kpig_advanced,diagnostic_ori,diagnostic_ifi,diagnostic_pri,diagnosis,rouge1,rouge2,rougeL,judge_raw_outputs,faithfulness_raw_outputs
meta-llama/Llama-3.1-8B-Instruct,summ_0000,summarization,4,0.943451608531177,0.8266328679218269,0.015543192625045776,0.2635049318682004,0.0,0.0,0.7763159394264222,0.05417914574449528,0.75,0.8,99.75,0.6499999999999999,0.03659122221171862,0.015543192625045776,0.2635049318682004,0.5649359531841575,1.0,0.7219924266353376,Internally Stable / Output-Sensitive,0.47456994176519335,0.19172368918181437,0.2526536897668483,"[{""raw_output"": ""4"", ""score"": 0.8}, {""raw_output"": ""4"", ""score"": 0.8}, {""raw_output"": ""4"", ""score"": 0.8}, {""raw_output"": ""4"", ""score"": 0.8}]","[{""raw_label"": ""entailment"", ""score"": 1.0}, {""raw_label"": ""entailment"", ""score"": 1.0}, {""raw_label"": ""neutral"", ""score"": 0.5}, {""raw_label"": ""neutral"", ""score"": 0.5}]"
meta-llama/Llama-3.1-8B-Instruct,summ_0001,summarization,8,0.9140946380794048,0.8649136454174332,0.026496104896068573,0.2694587431325337,0.0,0.0,0.796169513570411,0.3841071134204782,1.0,0.975,152.75,0.8035714285714285,0.08070281501859422,0.026496104896068573,0.2694587431325337,0.5723669309980957,1.0,0.7280322674234477,Internally Stable / Output-Sensitive,0.3020559005031509,0.09256488898677703,0.2071478810239959,"[{""raw_output"": ""5"", ""score"": 1.0}, {""raw_output"": ""5"", ""score"": 1.0}, {""raw_output"": ""5"", ""score"": 1.0}, {""raw_output"": ""5"", ""score"": 1.0}, {""raw_output"": ""5"", ""score"": 1.0}, {""raw_output"": ""5"", ""score"": 1.0}, {""raw_output"": ""4"", ""score"": 0.8}, {""raw_output"": ""5"", ""score"": 1.0}]","[{""raw_label"": ""entailment"", ""score"": 1.0}, {""raw_label"": ""entailment"", ""score"": 1.0}, {""raw_label"": ""entailment"", ""score"": 1.0}, {""raw_label"": ""entailment"", ""score"": 1.0}, {""raw_label"": ""entailment"", ""score"": 1.0}, {""raw_label"": ""entailment"", ""score"": 1.0}, {""raw_label"": ""entailment"", ""score"": 1.0}, {""raw_label"": ""entailment"", ""score"": 1.0}]"
meta-llama/Llama-3.1-8B-Instruct,summ_0002,summarization,8,0.8812369182705879,0.858524027612057,0.036823175847530365,0.24596124478178433,0.0,0.0,0.6223203926705397,0.4390094400566862,1.0,0.85,154.625,0.4230769230769231,0.029693095257075863,0.036823175847530365,0.24596124478178433,0.5402871525805192,1.0,0.7015408155230658,Internally Stable / Output-Sensitive,0.2660600861862224,0.07266651984045307,0.15066638956066997,"[{""raw_output"": ""4"", ""score"": 0.8}, {""raw_output"": ""4"", ""score"": 0.8}, {""raw_output"": ""4"", ""score"": 0.8}, {""raw_output"": ""4"", ""score"": 0.8}, {""raw_output"": ""4"", ""score"": 0.8}, {""raw_output"": ""5"", ""score"": 1.0}, {""raw_output"": ""5"", ""score"": 1.0}, {""raw_output"": ""4"", ""score"": 0.8}]","[{""raw_label"": ""entailment"", ""score"": 1.0}, {""raw_label"": ""entailment"", ""score"": 1.0}, {""raw_label"": ""entailment"", ""score"": 1.0}, {""raw_label"": ""entailment"", ""score"": 1.0}, {""raw_label"": ""entailment"", ""score"": 1.0}, {""raw_label"": ""entailment"", ""score"": 1.0}, {""raw_label"": ""entailment"", ""score"": 1.0}, {""raw_label"": ""entailment"", ""score"": 1.0}]"
meta-llama/Llama-3.1-8B-Instruct,summ_0003,summarization,8,0.8789723105728626,0.7956409558924495,0.037539124488830566,0.2466361017841404,0.0,0.0,0.6025188714265823,0.24647514563481643,0.8125,0.875,149.0,0.4609375,0.10940447077155113,0.037539124488830566,0.2466361017841404,0.5341808773876229,1.0,0.696372748821139,Internally Stable / Output-Sensitive,0.20447952901887811,0.06161695919561495,0.10193734193999446,"[{""raw_output"": ""4"", ""score"": 0.8}, {""raw_output"": ""4"", ""score"": 0.8}, {""raw_output"": ""5"", ""score"": 1.0}, {""raw_output"": ""4"", ""score"": 0.8}, {""raw_output"": ""5"", ""score"": 1.0}, {""raw_output"": ""4"", ""score"": 0.8}, {""raw_output"": ""5"", ""score"": 1.0}, {""raw_output"": ""4"", ""score"": 0.8}]","[{""raw_label"": ""neutral"", ""score"": 0.5}, {""raw_label"": ""neutral"", ""score"": 0.5}, {""raw_label"": ""entailment"", ""score"": 1.0}, {""raw_label"": ""entailment"", ""score"": 1.0}, {""raw_label"": ""entailment"", ""score"": 1.0}, {""raw_label"": ""neutral"", ""score"": 0.5}, {""raw_label"": ""entailment"", ""score"": 1.0}, {""raw_label"": ""entailment"", ""score"": 1.0}]"
meta-llama/Llama-3.1-8B-Instruct,summ_0004,summarization,8,0.83585225045681,0.8752390844085519,0.051272451877593994,0.23706106377583364,0.0,0.0,0.5243970506957599,0.3971167169310923,0.8125,0.8749999999999999,152.375,0.36607142857142855,0.15399513207375992,0.051272451877593994,0.23706106377583364,0.5255347858006869,1.0,0.6889843361059204,Internally Stable / Output-Sensitive,0.19132176301203235,0.033021517740319875,0.11252986692138003,"[{""raw_output"": ""5"", ""score"": 1.0}, {""raw_output"": ""4"", ""score"": 0.8}, {""raw_output"": ""4"", ""score"": 0.8}, {""raw_output"": ""5"", ""score"": 1.0}, {""raw_output"": ""5"", ""score"": 1.0}, {""raw_output"": ""4"", ""score"": 0.8}, {""raw_output"": ""4"", ""score"": 0.8}, {""raw_output"": ""4"", ""score"": 0.8}]","[{""raw_label"": ""entailment"", ""score"": 1.0}, {""raw_label"": ""entailment"", ""score"": 1.0}, {""raw_label"": ""neutral"", ""score"": 0.5}, {""raw_label"": ""neutral"", ""score"": 0.5}, {""raw_label"": ""entailment"", ""score"": 1.0}, {""raw_label"": ""entailment"", ""score"": 1.0}, {""raw_label"": ""entailment"", ""score"": 1.0}, {""raw_label"": ""neutral"", ""score"": 0.5}]"
meta-llama/Llama-3.1-8B-Instruct,crea_0000,creative,8,0.8634771406650543,0.9292142938423971,0.042451485991477966,0.21337988399463018,0.0,0.0,0.300976615101099,0.5417641206035643,0.8125,0.85,152.375,0.1421875,0.19614232844859358,0.042451485991477966,0.21337988399463018,0.5021909863522402,1.0,0.6686113695459018,Internally Stable / Output-Sensitive,0.1967631418767165,0.06809988225429556,0.10830593410708125,"[{""raw_output"": ""5"", ""score"": 1.0}, {""raw_output"": ""5"", ""score"": 1.0}, {""raw_output"": ""4"", ""score"": 0.8}, {""raw_output"": ""4"", ""score"": 0.8}, {""raw_output"": ""5"", ""score"": 1.0}, {""raw_output"": ""5"", ""score"": 1.0}, {""raw_output"": ""5"", ""score"": 1.0}, {""raw_output"": ""1"", ""score"": 0.2}]","[{""raw_label"": ""entailment"", ""score"": 1.0}, {""raw_label"": ""entailment"", ""score"": 1.0}, {""raw_label"": ""entailment"", ""score"": 1.0}, {""raw_label"": ""neutral"", ""score"": 0.5}, {""raw_label"": ""entailment"", ""score"": 1.0}, {""raw_label"": ""entailment"", ""score"": 1.0}, {""raw_label"": ""entailment"", ""score"": 1.0}, {""raw_label"": ""contradiction"", ""score"": 0.0}]"
meta-llama/Llama-3.1-8B-Instruct,crea_0001,creative,8,0.8667673021554947,0.9271142891112759,0.04140627384185791,0.22474899451248972,0.0,0.0,0.5424938837394995,0.7300100663245324,1.0,0.9249999999999999,160.125,0.2573529411764706,0.13842021982897723,0.04140627384185791,0.22474899451248972,0.5178039924092234,1.0,0.6823067998224311,Internally Stable / Output-Sensitive,0.35028699868490903,0.08446285373481152,0.17867216137772923,"[{""raw_output"": ""5"", ""score"": 1.0}, {""raw_output"": ""5"", ""score"": 1.0}, {""raw_output"": ""5"", ""score"": 1.0}, {""raw_output"": ""4"", ""score"": 0.8}, {""raw_output"": ""5"", ""score"": 1.0}, {""raw_output"": ""4"", ""score"": 0.8}, {""raw_output"": ""5"", ""score"": 1.0}, {""raw_output"": ""4"", ""score"": 0.8}]","[{""raw_label"": ""entailment"", ""score"": 1.0}, {""raw_label"": ""entailment"", ""score"": 1.0}, {""raw_label"": ""entailment"", ""score"": 1.0}, {""raw_label"": ""entailment"", ""score"": 1.0}, {""raw_label"": ""entailment"", ""score"": 1.0}, {""raw_label"": ""entailment"", ""score"": 1.0}, {""raw_label"": ""entailment"", ""score"": 1.0}, {""raw_label"": ""entailment"", ""score"": 1.0}]"
meta-llama/Llama-3.1-8B-Instruct,crea_0002,creative,7,0.9069671425968409,0.9335642282122295,0.028310613706707954,0.22198083048124367,0.0,0.0,0.5804517355953612,0.5002080770503808,1.0,0.9714285714285714,160.0,0.2913165266106442,0.15548360693145857,0.028310613706707954,0.22198083048124367,0.5189569587224363,1.0,0.6833069966102534,Internally Stable / Output-Sensitive,0.26405800806502905,0.09197148795056743,0.14021504078071148,"[{""raw_output"": ""5"", ""score"": 1.0}, {""raw_output"": ""5"", ""score"": 1.0}, {""raw_output"": ""5"", ""score"": 1.0}, {""raw_output"": ""5"", ""score"": 1.0}, {""raw_output"": ""4"", ""score"": 0.8}, {""raw_output"": ""5"", ""score"": 1.0}, {""raw_output"": ""5"", ""score"": 1.0}]","[{""raw_label"": ""entailment"", ""score"": 1.0}, {""raw_label"": ""entailment"", ""score"": 1.0}, {""raw_label"": ""entailment"", ""score"": 1.0}, {""raw_label"": ""entailment"", ""score"": 1.0}, {""raw_label"": ""entailment"", ""score"": 1.0}, {""raw_label"": ""entailment"", ""score"": 1.0}, {""raw_label"": ""entailment"", ""score"": 1.0}]"
meta-llama/Llama-3.1-8B-Instruct,crea_0003,creative,8,0.8618934899568558,0.9184167120355833,0.04295506328344345,0.21018696032271114,0.0,0.0,0.2747027496416723,0.5966022650314662,1.0,0.95,145.5,0.1310483870967742,0.2590966416426723,0.04295506328344345,0.21018696032271114,0.49679451938802394,1.0,0.6638112485755789,Internally Stable / Output-Sensitive,0.12231258743546032,0.040371623860299966,0.07460551035134741,"[{""raw_output"": ""4"", ""score"": 0.8}, {""raw_output"": ""4"", ""score"": 0.8}, {""raw_output"": ""5"", ""score"": 1.0}, {""raw_output"": ""5"", ""score"": 1.0}, {""raw_output"": ""5"", ""score"": 1.0}, {""raw_output"": ""5"", ""score"": 1.0}, {""raw_output"": ""5"", ""score"": 1.0}, {""raw_output"": ""5"", ""score"": 1.0}]","[{""raw_label"": ""entailment"", ""score"": 1.0}, {""raw_label"": ""entailment"", ""score"": 1.0}, {""raw_label"": ""entailment"", ""score"": 1.0}, {""raw_label"": ""entailment"", ""score"": 1.0}, {""raw_label"": ""entailment"", ""score"": 1.0}, {""raw_label"": ""entailment"", ""score"": 1.0}, {""raw_label"": ""entailment"", ""score"": 1.0}, {""raw_label"": ""entailment"", ""score"": 1.0}]"
meta-llama/Llama-3.1-8B-Instruct,crea_0004,creative,4,0.88399887830019,0.9705810984042241,0.03215351700782776,0.20994502430433676,0.0,0.0,0.25943845761018797,0.656400675024108,1.0,1.0,144.75,0.1401098901098901,0.3055969885163582,0.03215351700782776,0.20994502430433676,0.502644716960909,1.0,0.6690133885773148,Internally Stable / Output-Sensitive,0.16813140800911708,0.044204257684310314,0.08649739030640674,"[{""raw_output"": ""5"", ""score"": 1.0}, {""raw_output"": ""5"", ""score"": 1.0}, {""raw_output"": ""5"", ""score"": 1.0}, {""raw_output"": ""5"", ""score"": 1.0}]","[{""raw_label"": ""entailment"", ""score"": 1.0}, {""raw_label"": ""entailment"", ""score"": 1.0}, {""raw_label"": ""entailment"", ""score"": 1.0}, {""raw_label"": ""entailment"", ""score"": 1.0}]"
meta-llama/Llama-3.1-8B-Instruct,dial_0000,dialogue,1,1.0,0.21621621621621626,0.0,1.0,0.0,0.0,0.8418306112289429,0.38461538461538464,1.0,1.0,30.0,1.0,0.05535928606986995,0.0,1.0,0.5245901639344263,1.0,0.6881720430107527,Internally Stable / Output-Sensitive,0.21621621621621626,0.17142857142857143,0.21621621621621626,"[{""raw_output"": ""5"", ""score"": 1.0}]","[{""raw_label"": ""entailment"", ""score"": 1.0}]"
meta-llama/Llama-3.1-8B-Instruct,dial_0001,dialogue,8,0.898177407681942,0.680301437658504,0.03148510307073593,0.3000000294878277,0.0,0.0,0.8336964473128319,0.37658024099556364,1.0,0.47500000000000003,48.5,1.0,0.42606471963226794,0.03148510307073593,0.3000000294878277,0.5756104583916066,1.0,0.7306507205838091,Internally Stable / Output-Sensitive,0.2610797117181748,0.22842219753500714,0.2610797117181748,"[{""raw_output"": ""5"", ""score"": 1.0}, {""raw_output"": ""2"", ""score"": 0.4}, {""raw_output"": ""2"", ""score"": 0.4}, {""raw_output"": ""1"", ""score"": 0.2}, {""raw_output"": ""5"", ""score"": 1.0}, {""raw_output"": ""1"", ""score"": 0.2}, {""raw_output"": ""1"", ""score"": 0.2}, {""raw_output"": ""2"", ""score"": 0.4}]","[{""raw_label"": ""entailment"", ""score"": 1.0}, {""raw_label"": ""entailment"", ""score"": 1.0}, {""raw_label"": ""entailment"", ""score"": 1.0}, {""raw_label"": ""entailment"", ""score"": 1.0}, {""raw_label"": ""entailment"", ""score"": 1.0}, {""raw_label"": ""entailment"", ""score"": 1.0}, {""raw_label"": ""entailment"", ""score"": 1.0}, {""raw_label"": ""entailment"", ""score"": 1.0}]"
meta-llama/Llama-3.1-8B-Instruct,dial_0003,dialogue,4,0.9408519510179758,0.9085851339313196,0.016263499855995178,0.30000002790728203,0.0,0.0,0.8880181312561035,0.4774334121760593,1.0,0.25,41.75,1.0,0.6871471263468265,0.016263499855995178,0.30000002790728203,0.6141238470437604,1.0,0.7609377039667897,Internally Stable / Output-Sensitive,0.2831899188282167,0.2530378821120375,0.2831899188282167,"[{""raw_output"": ""2"", ""score"": 0.4}, {""raw_output"": ""1"", ""score"": 0.2}, {""raw_output"": ""1"", ""score"": 0.2}, {""raw_output"": ""1"", ""score"": 0.2}]","[{""raw_label"": ""entailment"", ""score"": 1.0}, {""raw_label"": ""entailment"", ""score"": 1.0}, {""raw_label"": ""entailment"", ""score"": 1.0}, {""raw_label"": ""entailment"", ""score"": 1.0}]"
meta-llama/Llama-3.1-8B-Instruct,dial_0004,dialogue,1,1.0,0.09523809523809523,0.0,1.0,0.0,0.0,0.8904120326042175,0.8181818181818182,0.5,1.0,79.0,1.0,0.16335578858852384,0.0,1.0,0.2962962962962963,1.0,0.45714285714285713,Internally Stable / Output-Sensitive,0.09523809523809523,0.07317073170731708,0.09523809523809523,"[{""raw_output"": ""5"", ""score"": 1.0}]","[{""raw_label"": ""neutral"", ""score"": 0.5}]"
meta-llama/Llama-3.1-8B-Instruct,qa_0000,qa,1,1.0,0.07650273224043716,0.0,0.8365994457203123,0.0,0.0,0.8507224917411804,0.9107142857142857,1.0,1.0,161.0,1.0,0.05224712789058683,0.0,0.8365994457203123,0.24590047437489904,1.0,0.3947353411166711,Internally Stable / Output-Sensitive,0.09836065573770493,0.022099447513812157,0.07650273224043716,"[{""raw_output"": ""5"", ""score"": 1.0}]","[{""raw_label"": ""entailment"", ""score"": 1.0}]"
meta-llama/Llama-3.1-8B-Instruct,qa_0001,qa,2,0.8200337737798691,0.9927375570009987,0.03666532039642334,0.23311102906132142,0.0,0.0,0.5491927266120911,0.8392672858617132,1.0,1.0,152.5,0.3125,0.2297690361738205,0.03666532039642334,0.23311102906132142,0.5294759462672349,1.0,0.6923625671386966,Internally Stable / Output-Sensitive,0.24752682763246145,0.04645403697536399,0.1510102280348759,"[{""raw_output"": ""5"", ""score"": 1.0}, {""raw_output"": ""5"", ""score"": 1.0}]","[{""raw_label"": ""entailment"", ""score"": 1.0}, {""raw_label"": ""entailment"", ""score"": 1.0}]"
meta-llama/Llama-3.1-8B-Instruct,qa_0002,qa,8,0.8285927027463913,0.7250943546492753,0.053604066371917725,0.2254587955835679,0.0,0.0,0.20869921222329138,0.8998444206794138,0.9375,1.0,154.0,0.0,0.3611431946232915,0.053604066371917725,0.2254587955835679,0.49516981081115463,1.0,0.662359294885063,Internally Stable / Output-Sensitive,0.08755160179766813,0.006628866669842769,0.05890016057909574,"[{""raw_output"": ""5"", ""score"": 1.0}, {""raw_output"": ""5"", ""score"": 1.0}, {""raw_output"": ""5"", ""score"": 1.0}, {""raw_output"": ""5"", ""score"": 1.0}, {""raw_output"": ""5"", ""score"": 1.0}, {""raw_output"": ""5"", ""score"": 1.0}, {""raw_output"": ""5"", ""score"": 1.0}, {""raw_output"": ""5"", ""score"": 1.0}]","[{""raw_label"": ""entailment"", ""score"": 1.0}, {""raw_label"": ""entailment"", ""score"": 1.0}, {""raw_label"": ""entailment"", ""score"": 1.0}, {""raw_label"": ""neutral"", ""score"": 0.5}, {""raw_label"": ""entailment"", ""score"": 1.0}, {""raw_label"": ""entailment"", ""score"": 1.0}, {""raw_label"": ""entailment"", ""score"": 1.0}, {""raw_label"": ""entailment"", ""score"": 1.0}]"
meta-llama/Llama-3.1-8B-Instruct,qa_0003,qa,6,0.8470230586826801,0.9297594892144567,0.04605353996157646,0.22304310077463627,0.0,0.0,0.29344526893562733,0.8894371021105526,0.8333333333333334,1.0,146.83333333333334,0.05555555555555555,0.35015159906612503,0.04605353996157646,0.22304310077463627,0.5136194136173287,1.0,0.6786638820783271,Internally Stable / Output-Sensitive,0.2539116266098693,0.025749574462007953,0.1462195983001114,"[{""raw_output"": ""5"", ""score"": 1.0}, {""raw_output"": ""5"", ""score"": 1.0}, {""raw_output"": ""5"", ""score"": 1.0}, {""raw_output"": ""5"", ""score"": 1.0}, {""raw_output"": ""5"", ""score"": 1.0}, {""raw_output"": ""5"", ""score"": 1.0}]","[{""raw_label"": ""entailment"", ""score"": 1.0}, {""raw_label"": ""entailment"", ""score"": 1.0}, {""raw_label"": ""entailment"", ""score"": 1.0}, {""raw_label"": ""entailment"", ""score"": 1.0}, {""raw_label"": ""entailment"", ""score"": 1.0}, {""raw_label"": ""contradiction"", ""score"": 0.0}]"
meta-llama/Llama-3.1-8B-Instruct,qa_0004,qa,6,0.7915148250758648,0.8801714317694594,0.06332417577505112,0.2294421805503655,0.0,0.0,0.3705484576168514,0.8618941622618093,0.5833333333333334,0.7333333333333334,160.5,0.16666666666666666,0.14120210980375614,0.06332417577505112,0.2294421805503655,0.5111465566173304,1.0,0.6765016329872348,Internally Stable / Output-Sensitive,0.2409159485444172,0.025849163353110032,0.1422949755903074,"[{""raw_output"": ""4"", ""score"": 0.8}, {""raw_output"": ""4"", ""score"": 0.8}, {""raw_output"": ""1"", ""score"": 0.2}, {""raw_output"": ""4"", ""score"": 0.8}, {""raw_output"": ""4"", ""score"": 0.8}, {""raw_output"": ""5"", ""score"": 1.0}]","[{""raw_label"": ""neutral"", ""score"": 0.5}, {""raw_label"": ""neutral"", ""score"": 0.5}, {""raw_label"": ""contradiction"", ""score"": 0.0}, {""raw_label"": ""entailment"", ""score"": 1.0}, {""raw_label"": ""neutral"", ""score"": 0.5}, {""raw_label"": ""entailment"", ""score"": 1.0}]"
Qwen/Qwen2.5-7B-Instruct,summ_0000,summarization,4,0.9519764818251133,0.9194268640353291,0.01318417489528656,0.2617171110020443,0.0,0.0,0.7962714374065399,0.22229269438571764,0.5,0.8,82.75,0.6749999999999999,0.015514404177665808,0.01318417489528656,0.2617171110020443,0.5736938443568941,1.0,0.7291047701738197,Internally Stable / Output-Sensitive,0.40895031191743303,0.13287617706597593,0.19134442141659466,"[{""raw_output"": ""4"", ""score"": 0.8}, {""raw_output"": ""4"", ""score"": 0.8}, {""raw_output"": ""4"", ""score"": 0.8}, {""raw_output"": ""4"", ""score"": 0.8}]","[{""raw_label"": ""neutral"", ""score"": 0.5}, {""raw_label"": ""neutral"", ""score"": 0.5}, {""raw_label"": ""neutral"", ""score"": 0.5}, {""raw_label"": ""neutral"", ""score"": 0.5}]"
Qwen/Qwen2.5-7B-Instruct,summ_0001,summarization,8,0.9134702086448669,0.8839095855320264,0.026691295206546783,0.26674546998527693,0.0,0.0,0.7479235556508814,0.5201312293619099,1.0,0.8999999999999999,156.375,0.7142857142857143,0.022838672064244614,0.026691295206546783,0.26674546998527693,0.571234409186038,1.0,0.7271154524702144,Internally Stable / Output-Sensitive,0.274349971607877,0.077830121944318,0.18931246205489421,"[{""raw_output"": ""5"", ""score"": 1.0}, {""raw_output"": ""4"", ""score"": 0.8}, {""raw_output"": ""5"", ""score"": 1.0}, {""raw_output"": ""5"", ""score"": 1.0}, {""raw_output"": ""4"", ""score"": 0.8}, {""raw_output"": ""5"", ""score"": 1.0}, {""raw_output"": ""4"", ""score"": 0.8}, {""raw_output"": ""4"", ""score"": 0.8}]","[{""raw_label"": ""entailment"", ""score"": 1.0}, {""raw_label"": ""entailment"", ""score"": 1.0}, {""raw_label"": ""entailment"", ""score"": 1.0}, {""raw_label"": ""entailment"", ""score"": 1.0}, {""raw_label"": ""entailment"", ""score"": 1.0}, {""raw_label"": ""entailment"", ""score"": 1.0}, {""raw_label"": ""entailment"", ""score"": 1.0}, {""raw_label"": ""entailment"", ""score"": 1.0}]"
Qwen/Qwen2.5-7B-Instruct,summ_0002,summarization,8,0.8486320897936821,0.8330639652669058,0.047181449830532074,0.23886296061094064,0.0,0.0,0.5730219623790338,0.5553270323136067,0.9375,0.85,159.25,0.34615384615384615,0.07561447724986525,0.047181449830532074,0.23886296061094064,0.5252946699524265,1.0,0.6887779526152941,Internally Stable / Output-Sensitive,0.22711771935274389,0.05412363054329353,0.1395335172759633,"[{""raw_output"": ""5"", ""score"": 1.0}, {""raw_output"": ""4"", ""score"": 0.8}, {""raw_output"": ""4"", ""score"": 0.8}, {""raw_output"": ""4"", ""score"": 0.8}, {""raw_output"": ""4"", ""score"": 0.8}, {""raw_output"": ""4"", ""score"": 0.8}, {""raw_output"": ""5"", ""score"": 1.0}, {""raw_output"": ""4"", ""score"": 0.8}]","[{""raw_label"": ""entailment"", ""score"": 1.0}, {""raw_label"": ""entailment"", ""score"": 1.0}, {""raw_label"": ""entailment"", ""score"": 1.0}, {""raw_label"": ""entailment"", ""score"": 1.0}, {""raw_label"": ""entailment"", ""score"": 1.0}, {""raw_label"": ""neutral"", ""score"": 0.5}, {""raw_label"": ""entailment"", ""score"": 1.0}, {""raw_label"": ""entailment"", ""score"": 1.0}]"
Qwen/Qwen2.5-7B-Instruct,summ_0003,summarization,8,0.903260251507163,0.6816389545862105,0.029889218509197235,0.25160861969513626,0.0,0.0,0.6827412508428097,0.4409730899192667,1.0,0.7999999999999999,148.375,0.5859375,0.050263538397848695,0.029889218509197235,0.25160861969513626,0.5277469776383509,1.0,0.6908826989848308,Internally Stable / Output-Sensitive,0.23145178598366098,0.08870884807491428,0.13524311396960814,"[{""raw_output"": ""4"", ""score"": 0.8}, {""raw_output"": ""4"", ""score"": 0.8}, {""raw_output"": ""4"", ""score"": 0.8}, {""raw_output"": ""4"", ""score"": 0.8}, {""raw_output"": ""4"", ""score"": 0.8}, {""raw_output"": ""4"", ""score"": 0.8}, {""raw_output"": ""4"", ""score"": 0.8}, {""raw_output"": ""4"", ""score"": 0.8}]","[{""raw_label"": ""entailment"", ""score"": 1.0}, {""raw_label"": ""entailment"", ""score"": 1.0}, {""raw_label"": ""entailment"", ""score"": 1.0}, {""raw_label"": ""entailment"", ""score"": 1.0}, {""raw_label"": ""entailment"", ""score"": 1.0}, {""raw_label"": ""entailment"", ""score"": 1.0}, {""raw_label"": ""entailment"", ""score"": 1.0}, {""raw_label"": ""entailment"", ""score"": 1.0}]"
Qwen/Qwen2.5-7B-Instruct,summ_0004,summarization,8,0.7963646575808525,0.760628708546748,0.0640256255865097,0.25514623819248117,0.0,0.0,0.6411282457411289,0.5440078397427537,0.875,0.9249999999999999,146.0,0.5625,0.16330925095826376,0.0640256255865097,0.25514623819248117,0.529231134147924,1.0,0.6921532295937822,Internally Stable / Output-Sensitive,0.2172747068185593,0.04852434805418153,0.1336808618618867,"[{""raw_output"": ""5"", ""score"": 1.0}, {""raw_output"": ""5"", ""score"": 1.0}, {""raw_output"": ""5"", ""score"": 1.0}, {""raw_output"": ""3"", ""score"": 0.6}, {""raw_output"": ""5"", ""score"": 1.0}, {""raw_output"": ""5"", ""score"": 1.0}, {""raw_output"": ""4"", ""score"": 0.8}, {""raw_output"": ""5"", ""score"": 1.0}]","[{""raw_label"": ""entailment"", ""score"": 1.0}, {""raw_label"": ""neutral"", ""score"": 0.5}, {""raw_label"": ""entailment"", ""score"": 1.0}, {""raw_label"": ""neutral"", ""score"": 0.5}, {""raw_label"": ""entailment"", ""score"": 1.0}, {""raw_label"": ""entailment"", ""score"": 1.0}, {""raw_label"": ""entailment"", ""score"": 1.0}, {""raw_label"": ""entailment"", ""score"": 1.0}]"
Qwen/Qwen2.5-7B-Instruct,crea_0000,creative,8,0.8871872946619987,0.9141310157835751,0.03494488447904587,0.21448671171001288,0.0,0.0,0.30775738522410395,0.5732678026614906,0.875,0.875,153.5,0.15156250000000002,0.1936599973067641,0.03494488447904587,0.21448671171001288,0.505076234288644,1.0,0.6711636564075601,Internally Stable / Output-Sensitive,0.19325438009059892,0.05985137258797791,0.10319453569793882,"[{""raw_output"": ""5"", ""score"": 1.0}, {""raw_output"": ""5"", ""score"": 1.0}, {""raw_output"": ""4"", ""score"": 0.8}, {""raw_output"": ""5"", ""score"": 1.0}, {""raw_output"": ""5"", ""score"": 1.0}, {""raw_output"": ""5"", ""score"": 1.0}, {""raw_output"": ""4"", ""score"": 0.8}, {""raw_output"": ""2"", ""score"": 0.4}]","[{""raw_label"": ""entailment"", ""score"": 1.0}, {""raw_label"": ""entailment"", ""score"": 1.0}, {""raw_label"": ""neutral"", ""score"": 0.5}, {""raw_label"": ""entailment"", ""score"": 1.0}, {""raw_label"": ""entailment"", ""score"": 1.0}, {""raw_label"": ""entailment"", ""score"": 1.0}, {""raw_label"": ""entailment"", ""score"": 1.0}, {""raw_label"": ""neutral"", ""score"": 0.5}]"
Qwen/Qwen2.5-7B-Instruct,crea_0001,creative,8,0.8626994974911213,0.9255104476257777,0.04269865155220032,0.22616772067961785,0.0,0.0,0.5592836351955638,0.7317790593950613,1.0,0.9249999999999999,159.0,0.26838235294117646,0.13417092868510405,0.04269865155220032,0.22616772067961785,0.5190937203460556,1.0,0.6834255364149672,Internally Stable / Output-Sensitive,0.34358235517034397,0.07717319009774543,0.16941648971927173,"[{""raw_output"": ""5"", ""score"": 1.0}, {""raw_output"": ""4"", ""score"": 0.8}, {""raw_output"": ""5"", ""score"": 1.0}, {""raw_output"": ""4"", ""score"": 0.8}, {""raw_output"": ""5"", ""score"": 1.0}, {""raw_output"": ""4"", ""score"": 0.8}, {""raw_output"": ""5"", ""score"": 1.0}, {""raw_output"": ""5"", ""score"": 1.0}]","[{""raw_label"": ""entailment"", ""score"": 1.0}, {""raw_label"": ""entailment"", ""score"": 1.0}, {""raw_label"": ""entailment"", ""score"": 1.0}, {""raw_label"": ""entailment"", ""score"": 1.0}, {""raw_label"": ""entailment"", ""score"": 1.0}, {""raw_label"": ""entailment"", ""score"": 1.0}, {""raw_label"": ""entailment"", ""score"": 1.0}, {""raw_label"": ""entailment"", ""score"": 1.0}]"
Qwen/Qwen2.5-7B-Instruct,crea_0002,creative,7,0.9259769283235073,0.92624622151285,0.02245921827852726,0.22221331709658598,0.0,0.0,0.561767313493734,0.549343890503115,1.0,1.0,161.85714285714286,0.26330532212885155,0.18299066894779015,0.02245921827852726,0.22221331709658598,0.5206487599337297,1.0,0.684771886384098,Internally Stable / Output-Sensitive,0.2624164773196467,0.08069512065612451,0.13172224134412924,"[{""raw_output"": ""5"", ""score"": 1.0}, {""raw_output"": ""5"", ""score"": 1.0}, {""raw_output"": ""5"", ""score"": 1.0}, {""raw_output"": ""5"", ""score"": 1.0}, {""raw_output"": ""5"", ""score"": 1.0}, {""raw_output"": ""5"", ""score"": 1.0}, {""raw_output"": ""5"", ""score"": 1.0}]","[{""raw_label"": ""entailment"", ""score"": 1.0}, {""raw_label"": ""entailment"", ""score"": 1.0}, {""raw_label"": ""entailment"", ""score"": 1.0}, {""raw_label"": ""entailment"", ""score"": 1.0}, {""raw_label"": ""entailment"", ""score"": 1.0}, {""raw_label"": ""entailment"", ""score"": 1.0}, {""raw_label"": ""entailment"", ""score"": 1.0}]"
Qwen/Qwen2.5-7B-Instruct,crea_0003,creative,8,0.8996557742357254,0.9479021832314033,0.031020648777484894,0.21058820418880103,0.0,0.0,0.28266996988846405,0.5711012469566665,1.0,0.95,153.0,0.1310483870967742,0.24120320084474733,0.031020648777484894,0.21058820418880103,0.5033272949939366,1.0,0.6696177162085875,Internally Stable / Output-Sensitive,0.12747818988870316,0.041706719301700626,0.07802140366018545,"[{""raw_output"": ""5"", ""score"": 1.0}, {""raw_output"": ""4"", ""score"": 0.8}, {""raw_output"": ""5"", ""score"": 1.0}, {""raw_output"": ""5"", ""score"": 1.0}, {""raw_output"": ""5"", ""score"": 1.0}, {""raw_output"": ""5"", ""score"": 1.0}, {""raw_output"": ""5"", ""score"": 1.0}, {""raw_output"": ""4"", ""score"": 0.8}]","[{""raw_label"": ""entailment"", ""score"": 1.0}, {""raw_label"": ""entailment"", ""score"": 1.0}, {""raw_label"": ""entailment"", ""score"": 1.0}, {""raw_label"": ""entailment"", ""score"": 1.0}, {""raw_label"": ""entailment"", ""score"": 1.0}, {""raw_label"": ""entailment"", ""score"": 1.0}, {""raw_label"": ""entailment"", ""score"": 1.0}, {""raw_label"": ""entailment"", ""score"": 1.0}]"
Qwen/Qwen2.5-7B-Instruct,crea_0004,creative,4,0.8244816139340401,0.9198223542755324,0.04907265305519104,0.21160126882520133,0.0,0.0,0.2679341400390142,0.6739382228906734,1.0,0.8500000000000001,145.5,0.13736263736263737,0.17643040541272903,0.04907265305519104,0.21160126882520133,0.4952012276183438,1.0,0.6623874010685951,Internally Stable / Output-Sensitive,0.16331350107581624,0.043019277522162204,0.0836683127401713,"[{""raw_output"": ""4"", ""score"": 0.8}, {""raw_output"": ""5"", ""score"": 1.0}, {""raw_output"": ""4"", ""score"": 0.8}, {""raw_output"": ""4"", ""score"": 0.8}]","[{""raw_label"": ""entailment"", ""score"": 1.0}, {""raw_label"": ""entailment"", ""score"": 1.0}, {""raw_label"": ""entailment"", ""score"": 1.0}, {""raw_label"": ""entailment"", ""score"": 1.0}]"
Qwen/Qwen2.5-7B-Instruct,dial_0000,dialogue,1,1.0,1.0,0.0,1.0,0.0,0.0,1.0,0.0,1.0,0.4,3.0,1.0,0.44999999999999996,0.0,1.0,1.0,1.0,1.0,Robust,1.0,1.0,1.0,"[{""raw_output"": ""2"", ""score"": 0.4}]","[{""raw_label"": ""entailment"", ""score"": 1.0}]"
Qwen/Qwen2.5-7B-Instruct,dial_0001,dialogue,8,0.8771004900336266,0.7958559629713615,0.03813117742538452,0.30000000530599596,0.0,0.0,0.7978911511600018,0.49238831546374423,0.9375,0.6999999999999998,106.5,1.0,0.1644770989194514,0.03813117742538452,0.30000000530599596,0.5908764189044374,1.0,0.7428313247754926,Internally Stable / Output-Sensitive,0.11300445779054985,0.09604653072388004,0.11300445779054985,"[{""raw_output"": ""3"", ""score"": 0.6}, {""raw_output"": ""4"", ""score"": 0.8}, {""raw_output"": ""2"", ""score"": 0.4}, {""raw_output"": ""4"", ""score"": 0.8}, {""raw_output"": ""4"", ""score"": 0.8}, {""raw_output"": ""4"", ""score"": 0.8}, {""raw_output"": ""4"", ""score"": 0.8}, {""raw_output"": ""3"", ""score"": 0.6}]","[{""raw_label"": ""entailment"", ""score"": 1.0}, {""raw_label"": ""entailment"", ""score"": 1.0}, {""raw_label"": ""entailment"", ""score"": 1.0}, {""raw_label"": ""entailment"", ""score"": 1.0}, {""raw_label"": ""entailment"", ""score"": 1.0}, {""raw_label"": ""entailment"", ""score"": 1.0}, {""raw_label"": ""entailment"", ""score"": 1.0}, {""raw_label"": ""neutral"", ""score"": 0.5}]"
Qwen/Qwen2.5-7B-Instruct,dial_0003,dialogue,4,0.9674027804285288,1.0,0.008930027484893799,0.3000000249511506,0.0,0.0,0.9940732568502426,0.0,1.0,0.5,7.25,1.0,0.337153739258647,0.008930027484893799,0.3000000249511506,0.6273487200861756,1.0,0.7710071140166621,Internally Stable / Output-Sensitive,1.0,1.0,1.0,"[{""raw_output"": ""2"", ""score"": 0.4}, {""raw_output"": ""4"", ""score"": 0.8}, {""raw_output"": ""2"", ""score"": 0.4}, {""raw_output"": ""2"", ""score"": 0.4}]","[{""raw_label"": ""entailment"", ""score"": 1.0}, {""raw_label"": ""entailment"", ""score"": 1.0}, {""raw_label"": ""entailment"", ""score"": 1.0}, {""raw_label"": ""entailment"", ""score"": 1.0}]"
Qwen/Qwen2.5-7B-Instruct,dial_0004,dialogue,1,1.0,1.0,0.0,1.0,0.0,0.0,1.0,0.0,0.5,0.4,4.0,1.0,0.34375,0.0,1.0,1.0,1.0,1.0,Robust,1.0,1.0,1.0,"[{""raw_output"": ""2"", ""score"": 0.4}]","[{""raw_label"": ""neutral"", ""score"": 0.5}]"
Qwen/Qwen2.5-7B-Instruct,qa_0000,qa,1,1.0,0.05617977528089886,0.0,0.8087876328861815,0.0,0.0,0.82270747423172,0.9420289855072463,1.0,1.0,155.0,1.0,0.06205238401889801,0.0,0.8087876328861815,0.19014643571998852,1.0,0.31953452115320236,Internally Stable / Output-Sensitive,0.07865168539325842,0.011363636363636364,0.05617977528089886,"[{""raw_output"": ""5"", ""score"": 1.0}]","[{""raw_label"": ""entailment"", ""score"": 1.0}]"
Qwen/Qwen2.5-7B-Instruct,qa_0001,qa,2,0.8493780121207237,0.9476217199121074,0.030592381954193115,0.23756558246900863,0.0,0.0,0.4098721414804458,0.8634943181818182,1.0,1.0,152.5,0.1875,0.2667935456335544,0.030592381954193115,0.23756558246900863,0.5352225065037465,1.0,0.6972572434762444,Internally Stable / Output-Sensitive,0.26244343891402716,0.0730593607305936,0.12217194570135748,"[{""raw_output"": ""5"", ""score"": 1.0}, {""raw_output"": ""5"", ""score"": 1.0}]","[{""raw_label"": ""entailment"", ""score"": 1.0}, {""raw_label"": ""entailment"", ""score"": 1.0}]"
Qwen/Qwen2.5-7B-Instruct,qa_0002,qa,8,0.8360869735479355,0.747628028678416,0.05119709670543671,0.23829936067791466,0.0,0.0,0.2652651414275169,0.8592339201408494,1.0,1.0,165.0,0.0625,0.3227224110811948,0.05119709670543671,0.23829936067791466,0.513876370331147,1.0,0.6788881581112745,Internally Stable / Output-Sensitive,0.10727979424829379,0.016169643193467722,0.06781764924417706,"[{""raw_output"": ""5"", ""score"": 1.0}, {""raw_output"": ""5"", ""score"": 1.0}, {""raw_output"": ""5"", ""score"": 1.0}, {""raw_output"": ""5"", ""score"": 1.0}, {""raw_output"": ""5"", ""score"": 1.0}, {""raw_output"": ""5"", ""score"": 1.0}, {""raw_output"": ""5"", ""score"": 1.0}, {""raw_output"": ""5"", ""score"": 1.0}]","[{""raw_label"": ""entailment"", ""score"": 1.0}, {""raw_label"": ""entailment"", ""score"": 1.0}, {""raw_label"": ""entailment"", ""score"": 1.0}, {""raw_label"": ""entailment"", ""score"": 1.0}, {""raw_label"": ""entailment"", ""score"": 1.0}, {""raw_label"": ""entailment"", ""score"": 1.0}, {""raw_label"": ""entailment"", ""score"": 1.0}, {""raw_label"": ""entailment"", ""score"": 1.0}]"
Qwen/Qwen2.5-7B-Instruct,qa_0003,qa,6,0.8298073373734951,0.9146337765670406,0.05137641355395317,0.22856219475043044,0.0,0.0,0.2407835066318512,0.8917302422646708,1.0,1.0,163.33333333333334,0.0,0.33380283772945396,0.05137641355395317,0.22856219475043044,0.5176138535827844,1.0,0.6821417086577077,Internally Stable / Output-Sensitive,0.26876164463655466,0.0281470250695272,0.1482788125423963,"[{""raw_output"": ""5"", ""score"": 1.0}, {""raw_output"": ""5"", ""score"": 1.0}, {""raw_output"": ""5"", ""score"": 1.0}, {""raw_output"": ""5"", ""score"": 1.0}, {""raw_output"": ""5"", ""score"": 1.0}, {""raw_output"": ""5"", ""score"": 1.0}]","[{""raw_label"": ""entailment"", ""score"": 1.0}, {""raw_label"": ""entailment"", ""score"": 1.0}, {""raw_label"": ""entailment"", ""score"": 1.0}, {""raw_label"": ""entailment"", ""score"": 1.0}, {""raw_label"": ""entailment"", ""score"": 1.0}, {""raw_label"": ""entailment"", ""score"": 1.0}]"
Qwen/Qwen2.5-7B-Instruct,qa_0004,qa,6,0.8691128194332123,0.932263817362461,0.03926711156964302,0.2356844037511754,0.0,0.0,0.35125666374251957,0.8505714770621604,0.9166666666666666,0.9666666666666667,166.83333333333334,0.16666666666666666,0.2669150399168333,0.03926711156964302,0.2356844037511754,0.5328295949632528,1.0,0.695223522189401,Internally Stable / Output-Sensitive,0.30146553392539943,0.05251460812717037,0.1609791177602192,"[{""raw_output"": ""4"", ""score"": 0.8}, {""raw_output"": ""5"", ""score"": 1.0}, {""raw_output"": ""5"", ""score"": 1.0}, {""raw_output"": ""5"", ""score"": 1.0}, {""raw_output"": ""5"", ""score"": 1.0}, {""raw_output"": ""5"", ""score"": 1.0}]","[{""raw_label"": ""neutral"", ""score"": 0.5}, {""raw_label"": ""entailment"", ""score"": 1.0}, {""raw_label"": ""entailment"", ""score"": 1.0}, {""raw_label"": ""entailment"", ""score"": 1.0}, {""raw_label"": ""entailment"", ""score"": 1.0}, {""raw_label"": ""entailment"", ""score"": 1.0}]"
mistralai/Mistral-7B-Instruct-v0.3,summ_0000,summarization,4,0.88113047555089,0.8689195144982245,0.03296220302581787,0.2649722147567176,0.0,0.0,0.8314728513360023,0.08495276868957713,0.625,0.8,108.0,0.75,0.00028231181204319,0.03296220302581787,0.2649722147567176,0.5638705608451361,1.0,0.7211217794654476,Internally Stable / Output-Sensitive,0.44642386628506325,0.23979622818279606,0.22668934620720502,"[{""raw_output"": ""4"", ""score"": 0.8}, {""raw_output"": ""4"", ""score"": 0.8}, {""raw_output"": ""4"", ""score"": 0.8}, {""raw_output"": ""4"", ""score"": 0.8}]","[{""raw_label"": ""entailment"", ""score"": 1.0}, {""raw_label"": ""neutral"", ""score"": 0.5}, {""raw_label"": ""neutral"", ""score"": 0.5}, {""raw_label"": ""neutral"", ""score"": 0.5}]"
mistralai/Mistral-7B-Instruct-v0.3,summ_0001,summarization,8,0.9200099129229784,0.8817913012567704,0.024648532271385193,0.2690629078285057,0.0,0.0,0.799365502383028,0.3246299537359107,1.0,0.975,130.875,0.7678571428571428,0.07721810899674886,0.024648532271385193,0.2690629078285057,0.5744753923220604,1.0,0.7297356251148712,Internally Stable / Output-Sensitive,0.3418270101576527,0.09337990949250499,0.21593073451711933,"[{""raw_output"": ""5"", ""score"": 1.0}, {""raw_output"": ""5"", ""score"": 1.0}, {""raw_output"": ""5"", ""score"": 1.0}, {""raw_output"": ""5"", ""score"": 1.0}, {""raw_output"": ""5"", ""score"": 1.0}, {""raw_output"": ""5"", ""score"": 1.0}, {""raw_output"": ""4"", ""score"": 0.8}, {""raw_output"": ""5"", ""score"": 1.0}]","[{""raw_label"": ""entailment"", ""score"": 1.0}, {""raw_label"": ""entailment"", ""score"": 1.0}, {""raw_label"": ""entailment"", ""score"": 1.0}, {""raw_label"": ""entailment"", ""score"": 1.0}, {""raw_label"": ""entailment"", ""score"": 1.0}, {""raw_label"": ""entailment"", ""score"": 1.0}, {""raw_label"": ""entailment"", ""score"": 1.0}, {""raw_label"": ""entailment"", ""score"": 1.0}]"
mistralai/Mistral-7B-Instruct-v0.3,summ_0002,summarization,8,0.9128532949835062,0.8840781778234588,0.026884160935878754,0.26033295776363746,0.0,0.0,0.6949244190294008,0.27718501658322037,1.0,0.7999999999999999,141.25,0.5384615384615384,0.05836486465369284,0.026884160935878754,0.26033295776363746,0.5637415856561683,1.0,0.721016299402966,Internally Stable / Output-Sensitive,0.33483601555232617,0.10386728920734903,0.206946531370444,"[{""raw_output"": ""4"", ""score"": 0.8}, {""raw_output"": ""4"", ""score"": 0.8}, {""raw_output"": ""4"", ""score"": 0.8}, {""raw_output"": ""4"", ""score"": 0.8}, {""raw_output"": ""4"", ""score"": 0.8}, {""raw_output"": ""4"", ""score"": 0.8}, {""raw_output"": ""4"", ""score"": 0.8}, {""raw_output"": ""4"", ""score"": 0.8}]","[{""raw_label"": ""entailment"", ""score"": 1.0}, {""raw_label"": ""entailment"", ""score"": 1.0}, {""raw_label"": ""entailment"", ""score"": 1.0}, {""raw_label"": ""entailment"", ""score"": 1.0}, {""raw_label"": ""entailment"", ""score"": 1.0}, {""raw_label"": ""entailment"", ""score"": 1.0}, {""raw_label"": ""entailment"", ""score"": 1.0}, {""raw_label"": ""entailment"", ""score"": 1.0}]"
mistralai/Mistral-7B-Instruct-v0.3,summ_0003,summarization,8,0.8980577439069748,0.8547829881512837,0.031522661447525024,0.25403413150941107,0.0,0.0,0.6985525377094746,0.15308761358326478,0.5,0.75,125.5,0.59375,0.021283514238893964,0.031522661447525024,0.25403413150941107,0.5515393296122773,1.0,0.7109575878429127,Internally Stable / Output-Sensitive,0.27841620780806087,0.09820757742712291,0.14333600252312967,"[{""raw_output"": ""4"", ""score"": 0.8}, {""raw_output"": ""4"", ""score"": 0.8}, {""raw_output"": ""4"", ""score"": 0.8}, {""raw_output"": ""4"", ""score"": 0.8}, {""raw_output"": ""4"", ""score"": 0.8}, {""raw_output"": ""4"", ""score"": 0.8}, {""raw_output"": ""4"", ""score"": 0.8}, {""raw_output"": ""2"", ""score"": 0.4}]","[{""raw_label"": ""neutral"", ""score"": 0.5}, {""raw_label"": ""neutral"", ""score"": 0.5}, {""raw_label"": ""neutral"", ""score"": 0.5}, {""raw_label"": ""neutral"", ""score"": 0.5}, {""raw_label"": ""neutral"", ""score"": 0.5}, {""raw_label"": ""neutral"", ""score"": 0.5}, {""raw_label"": ""neutral"", ""score"": 0.5}, {""raw_label"": ""neutral"", ""score"": 0.5}]"
mistralai/Mistral-7B-Instruct-v0.3,summ_0004,summarization,8,0.8839790672063828,0.8205338939420922,0.035957179963588715,0.26137285092555607,0.0,0.0,0.7015714299465929,0.3666429610512251,0.875,0.85,123.25,0.6517857142857143,0.032108372636139304,0.035957179963588715,0.26137285092555607,0.5545375479513964,1.0,0.7134437488270104,Internally Stable / Output-Sensitive,0.27340480245462767,0.0858151479408416,0.18146438533946663,"[{""raw_output"": ""4"", ""score"": 0.8}, {""raw_output"": ""4"", ""score"": 0.8}, {""raw_output"": ""4"", ""score"": 0.8}, {""raw_output"": ""4"", ""score"": 0.8}, {""raw_output"": ""5"", ""score"": 1.0}, {""raw_output"": ""5"", ""score"": 1.0}, {""raw_output"": ""4"", ""score"": 0.8}, {""raw_output"": ""4"", ""score"": 0.8}]","[{""raw_label"": ""entailment"", ""score"": 1.0}, {""raw_label"": ""entailment"", ""score"": 1.0}, {""raw_label"": ""entailment"", ""score"": 1.0}, {""raw_label"": ""entailment"", ""score"": 1.0}, {""raw_label"": ""neutral"", ""score"": 0.5}, {""raw_label"": ""neutral"", ""score"": 0.5}, {""raw_label"": ""entailment"", ""score"": 1.0}, {""raw_label"": ""entailment"", ""score"": 1.0}]"
mistralai/Mistral-7B-Instruct-v0.3,crea_0000,creative,8,0.907950671389699,0.929921520139447,0.028418853878974915,0.2126892811498596,0.0,0.0,0.3126641929149628,0.5289392267888982,0.75,0.8250000000000001,123.75,0.1640625,0.16488726392388353,0.028418853878974915,0.2126892811498596,0.5058370124832221,1.0,0.671835010415987,Internally Stable / Output-Sensitive,0.16533081592362914,0.05138895810092643,0.09755716422950814,"[{""raw_output"": ""5"", ""score"": 1.0}, {""raw_output"": ""5"", ""score"": 1.0}, {""raw_output"": ""3"", ""score"": 0.6}, {""raw_output"": ""5"", ""score"": 1.0}, {""raw_output"": ""4"", ""score"": 0.8}, {""raw_output"": ""4"", ""score"": 0.8}, {""raw_output"": ""5"", ""score"": 1.0}, {""raw_output"": ""2"", ""score"": 0.4}]","[{""raw_label"": ""entailment"", ""score"": 1.0}, {""raw_label"": ""entailment"", ""score"": 1.0}, {""raw_label"": ""contradiction"", ""score"": 0.0}, {""raw_label"": ""entailment"", ""score"": 1.0}, {""raw_label"": ""entailment"", ""score"": 1.0}, {""raw_label"": ""entailment"", ""score"": 1.0}, {""raw_label"": ""entailment"", ""score"": 1.0}, {""raw_label"": ""contradiction"", ""score"": 0.0}]"
mistralai/Mistral-7B-Instruct-v0.3,crea_0001,creative,8,0.8467074520885944,0.912734304119937,0.04779651015996933,0.21943045787403517,0.0,0.0,0.539921447634697,0.7586360994254266,0.9375,0.85,127.25,0.25,0.08796951249241824,0.04779651015996933,0.21943045787403517,0.507350060533046,1.0,0.6731681960507981,Internally Stable / Output-Sensitive,0.28113316716489845,0.07677511322962977,0.16058474053376487,"[{""raw_output"": ""5"", ""score"": 1.0}, {""raw_output"": ""4"", ""score"": 0.8}, {""raw_output"": ""4"", ""score"": 0.8}, {""raw_output"": ""4"", ""score"": 0.8}, {""raw_output"": ""4"", ""score"": 0.8}, {""raw_output"": ""4"", ""score"": 0.8}, {""raw_output"": ""4"", ""score"": 0.8}, {""raw_output"": ""5"", ""score"": 1.0}]","[{""raw_label"": ""entailment"", ""score"": 1.0}, {""raw_label"": ""neutral"", ""score"": 0.5}, {""raw_label"": ""entailment"", ""score"": 1.0}, {""raw_label"": ""entailment"", ""score"": 1.0}, {""raw_label"": ""entailment"", ""score"": 1.0}, {""raw_label"": ""entailment"", ""score"": 1.0}, {""raw_label"": ""entailment"", ""score"": 1.0}, {""raw_label"": ""entailment"", ""score"": 1.0}]"
mistralai/Mistral-7B-Instruct-v0.3,crea_0002,creative,7,0.9151920862495899,0.9347438458633097,0.02577444538474083,0.21967141231542134,0.0,0.0,0.48348849537659755,0.5310807894167804,1.0,0.9428571428571428,137.85714285714286,0.23249299719887956,0.1575593349754978,0.02577444538474083,0.21967141231542134,0.5167165129184534,1.0,0.6813620192269045,Internally Stable / Output-Sensitive,0.230911077591679,0.08057073834449366,0.12897249932500204,"[{""raw_output"": ""4"", ""score"": 0.8}, {""raw_output"": ""5"", ""score"": 1.0}, {""raw_output"": ""5"", ""score"": 1.0}, {""raw_output"": ""5"", ""score"": 1.0}, {""raw_output"": ""4"", ""score"": 0.8}, {""raw_output"": ""5"", ""score"": 1.0}, {""raw_output"": ""5"", ""score"": 1.0}]","[{""raw_label"": ""entailment"", ""score"": 1.0}, {""raw_label"": ""entailment"", ""score"": 1.0}, {""raw_label"": ""entailment"", ""score"": 1.0}, {""raw_label"": ""entailment"", ""score"": 1.0}, {""raw_label"": ""entailment"", ""score"": 1.0}, {""raw_label"": ""entailment"", ""score"": 1.0}, {""raw_label"": ""entailment"", ""score"": 1.0}]"
mistralai/Mistral-7B-Instruct-v0.3,crea_0003,creative,8,0.9085213989019394,0.9338190664319115,0.028240084648132324,0.20826239038940153,0.0,0.0,0.28357592268336207,0.5632677314706953,1.0,0.975,132.0,0.14213709677419353,0.26233986750004745,0.028240084648132324,0.20826239038940153,0.49985899950664864,1.0,0.6665413211122754,Internally Stable / Output-Sensitive,0.11516090579830307,0.04265846940475291,0.07210507244739629,"[{""raw_output"": ""5"", ""score"": 1.0}, {""raw_output"": ""5"", ""score"": 1.0}, {""raw_output"": ""5"", ""score"": 1.0}, {""raw_output"": ""5"", ""score"": 1.0}, {""raw_output"": ""5"", ""score"": 1.0}, {""raw_output"": ""5"", ""score"": 1.0}, {""raw_output"": ""5"", ""score"": 1.0}, {""raw_output"": ""4"", ""score"": 0.8}]","[{""raw_label"": ""entailment"", ""score"": 1.0}, {""raw_label"": ""entailment"", ""score"": 1.0}, {""raw_label"": ""entailment"", ""score"": 1.0}, {""raw_label"": ""entailment"", ""score"": 1.0}, {""raw_label"": ""entailment"", ""score"": 1.0}, {""raw_label"": ""entailment"", ""score"": 1.0}, {""raw_label"": ""entailment"", ""score"": 1.0}, {""raw_label"": ""entailment"", ""score"": 1.0}]"
mistralai/Mistral-7B-Instruct-v0.3,crea_0004,creative,4,0.8901763428002596,0.919647607496487,0.030414491891860962,0.20489015517497824,0.0,0.0,0.25288012055577813,0.6425837320574161,1.0,1.0,122.5,0.09890109890109891,0.3054214206853738,0.030414491891860962,0.20489015517497824,0.49244233506379725,1.0,0.6599147229936316,Internally Stable / Output-Sensitive,0.13937074115148745,0.03661810917481917,0.07620622051529428,"[{""raw_output"": ""5"", ""score"": 1.0}, {""raw_output"": ""5"", ""score"": 1.0}, {""raw_output"": ""5"", ""score"": 1.0}, {""raw_output"": ""5"", ""score"": 1.0}]","[{""raw_label"": ""entailment"", ""score"": 1.0}, {""raw_label"": ""entailment"", ""score"": 1.0}, {""raw_label"": ""entailment"", ""score"": 1.0}, {""raw_label"": ""entailment"", ""score"": 1.0}]"
mistralai/Mistral-7B-Instruct-v0.3,dial_0000,dialogue,1,1.0,1.0,0.0,1.0,0.0,0.0,1.0,0.0,1.0,0.4,3.0,1.0,0.44999999999999996,0.0,1.0,1.0,1.0,1.0,Robust,1.0,1.0,1.0,"[{""raw_output"": ""2"", ""score"": 0.4}]","[{""raw_label"": ""entailment"", ""score"": 1.0}]"
mistralai/Mistral-7B-Instruct-v0.3,dial_0001,dialogue,8,0.7950666435062885,0.6207208264741557,0.0644477903842926,0.3000000128228494,0.0,0.0,0.9334036931395531,0.2286231884057971,0.875,0.275,15.625,1.0,0.588467950001359,0.0644477903842926,0.3000000128228494,0.5501301242693584,1.0,0.7097857343152503,Internally Stable / Output-Sensitive,0.6778388278388279,0.6441624895572264,0.6778388278388279,"[{""raw_output"": ""1"", ""score"": 0.2}, {""raw_output"": ""1"", ""score"": 0.2}, {""raw_output"": ""1"", ""score"": 0.2}, {""raw_output"": ""1"", ""score"": 0.2}, {""raw_output"": ""1"", ""score"": 0.2}, {""raw_output"": ""1"", ""score"": 0.2}, {""raw_output"": ""1"", ""score"": 0.2}, {""raw_output"": ""4"", ""score"": 0.8}]","[{""raw_label"": ""entailment"", ""score"": 1.0}, {""raw_label"": ""neutral"", ""score"": 0.5}, {""raw_label"": ""entailment"", ""score"": 1.0}, {""raw_label"": ""neutral"", ""score"": 0.5}, {""raw_label"": ""entailment"", ""score"": 1.0}, {""raw_label"": ""entailment"", ""score"": 1.0}, {""raw_label"": ""entailment"", ""score"": 1.0}, {""raw_label"": ""entailment"", ""score"": 1.0}]"
mistralai/Mistral-7B-Instruct-v0.3,dial_0003,dialogue,4,0.7835385464131832,0.7188653735295276,0.06088864803314209,0.3000000163991799,0.0,0.0,0.9428792297840118,0.3125,0.875,0.45,11.0,1.0,0.2828471766412258,0.06088864803314209,0.3000000163991799,0.5661302352136299,1.0,0.7229669953168437,Internally Stable / Output-Sensitive,0.8049242424242424,0.7863636363636364,0.8049242424242424,"[{""raw_output"": ""4"", ""score"": 0.8}, {""raw_output"": ""2"", ""score"": 0.4}, {""raw_output"": ""2"", ""score"": 0.4}, {""raw_output"": ""1"", ""score"": 0.2}]","[{""raw_label"": ""entailment"", ""score"": 1.0}, {""raw_label"": ""entailment"", ""score"": 1.0}, {""raw_label"": ""entailment"", ""score"": 1.0}, {""raw_label"": ""neutral"", ""score"": 0.5}]"
mistralai/Mistral-7B-Instruct-v0.3,dial_0004,dialogue,1,1.0,1.0,0.0,1.0,0.0,0.0,1.0,0.0,0.5,0.4,4.0,1.0,0.34375,0.0,1.0,1.0,1.0,1.0,Robust,1.0,1.0,1.0,"[{""raw_output"": ""2"", ""score"": 0.4}]","[{""raw_label"": ""neutral"", ""score"": 0.5}]"
mistralai/Mistral-7B-Instruct-v0.3,qa_0000,qa,1,1.0,0.07361963190184048,0.0,0.8128964022167893,0.0,0.0,0.833766758441925,0.9148936170212766,1.0,1.0,140.0,1.0,0.05818163454532621,0.0,0.8128964022167893,0.2379040313731297,1.0,0.3843658722223202,Internally Stable / Output-Sensitive,0.09815950920245399,0.012422360248447204,0.07361963190184048,"[{""raw_output"": ""5"", ""score"": 1.0}]","[{""raw_label"": ""entailment"", ""score"": 1.0}]"
mistralai/Mistral-7B-Instruct-v0.3,qa_0001,qa,2,0.7372893765568733,0.6531852381982118,0.05400007963180542,0.23398948149430876,0.0,0.0,0.528431311249733,0.8378378378378378,1.0,1.0,118.5,0.25,0.27013329043984413,0.05400007963180542,0.23398948149430876,0.48673301155768284,1.0,0.6547685532962263,Internally Stable / Output-Sensitive,0.254320987654321,0.044230769230769226,0.13880070546737214,"[{""raw_output"": ""5"", ""score"": 1.0}, {""raw_output"": ""5"", ""score"": 1.0}]","[{""raw_label"": ""entailment"", ""score"": 1.0}, {""raw_label"": ""entailment"", ""score"": 1.0}]"
mistralai/Mistral-7B-Instruct-v0.3,qa_0002,qa,8,0.7796306014060974,0.8218054149936579,0.06948278099298477,0.2280716050558553,0.0,0.0,0.20005971193313596,0.8716100778629218,1.0,1.0,147.75,0.0,0.3681268602609634,0.06948278099298477,0.2280716050558553,0.502591434538302,1.0,0.6689661913223034,Internally Stable / Output-Sensitive,0.10381961837110895,0.013653636962159578,0.06484021580671606,"[{""raw_output"": ""5"", ""score"": 1.0}, {""raw_output"": ""5"", ""score"": 1.0}, {""raw_output"": ""5"", ""score"": 1.0}, {""raw_output"": ""5"", ""score"": 1.0}, {""raw_output"": ""5"", ""score"": 1.0}, {""raw_output"": ""5"", ""score"": 1.0}, {""raw_output"": ""5"", ""score"": 1.0}, {""raw_output"": ""5"", ""score"": 1.0}]","[{""raw_label"": ""entailment"", ""score"": 1.0}, {""raw_label"": ""entailment"", ""score"": 1.0}, {""raw_label"": ""entailment"", ""score"": 1.0}, {""raw_label"": ""entailment"", ""score"": 1.0}, {""raw_label"": ""entailment"", ""score"": 1.0}, {""raw_label"": ""entailment"", ""score"": 1.0}, {""raw_label"": ""entailment"", ""score"": 1.0}, {""raw_label"": ""entailment"", ""score"": 1.0}]"
mistralai/Mistral-7B-Instruct-v0.3,qa_0003,qa,6,0.8695537745952606,0.940520560670961,0.03913218900561333,0.22653637801033846,0.0,0.0,0.2978769636816448,0.902731666282106,0.9166666666666666,1.0,126.16666666666667,0.05555555555555555,0.3187548862066534,0.03913218900561333,0.22653637801033846,0.5216290858463811,1.0,0.6856192362493302,Internally Stable / Output-Sensitive,0.29970340057935346,0.02702952329540534,0.16561132677256082,"[{""raw_output"": ""5"", ""score"": 1.0}, {""raw_output"": ""5"", ""score"": 1.0}, {""raw_output"": ""5"", ""score"": 1.0}, {""raw_output"": ""5"", ""score"": 1.0}, {""raw_output"": ""5"", ""score"": 1.0}, {""raw_output"": ""5"", ""score"": 1.0}]","[{""raw_label"": ""entailment"", ""score"": 1.0}, {""raw_label"": ""entailment"", ""score"": 1.0}, {""raw_label"": ""neutral"", ""score"": 0.5}, {""raw_label"": ""entailment"", ""score"": 1.0}, {""raw_label"": ""entailment"", ""score"": 1.0}, {""raw_label"": ""entailment"", ""score"": 1.0}]"
mistralai/Mistral-7B-Instruct-v0.3,qa_0004,qa,6,0.7987922430038452,0.9271768429499158,0.061041951179504395,0.23066857696549406,0.0,0.0,0.24527046552726198,0.8103793920385706,0.3333333333333333,0.7333333333333334,112.5,0.09523809523809523,0.2446384398639203,0.061041951179504395,0.23066857696549406,0.5174197513495786,1.0,0.6819731335240502,Internally Stable / Output-Sensitive,0.2637888737090167,0.029380863952989254,0.15896912772868046,"[{""raw_output"": ""4"", ""score"": 0.8}, {""raw_output"": ""4"", ""score"": 0.8}, {""raw_output"": ""4"", ""score"": 0.8}, {""raw_output"": ""4"", ""score"": 0.8}, {""raw_output"": ""5"", ""score"": 1.0}, {""raw_output"": ""1"", ""score"": 0.2}]","[{""raw_label"": ""neutral"", ""score"": 0.5}, {""raw_label"": ""neutral"", ""score"": 0.5}, {""raw_label"": ""contradiction"", ""score"": 0.0}, {""raw_label"": ""neutral"", ""score"": 0.5}, {""raw_label"": ""neutral"", ""score"": 0.5}, {""raw_label"": ""contradiction"", ""score"": 0.0}]"
hugging-quants/Meta-Llama-3.1-70B-Instruct-AWQ-INT4,summ_0000,summarization,4,0.9294052291661501,0.786160774757055,0.019442200660705566,0.26267959502480986,0.0,0.0,0.807038089632988,0.053890876565295176,0.625,0.8,94.75,0.7,0.010475423038005749,0.019442200660705566,0.26267959502480986,0.5575139552193525,1.0,0.7159023562531548,Internally Stable / Output-Sensitive,0.4345387341386275,0.1946649419157493,0.2729237320428305,"[{""raw_output"": ""4"", ""score"": 0.8}, {""raw_output"": ""4"", ""score"": 0.8}, {""raw_output"": ""4"", ""score"": 0.8}, {""raw_output"": ""4"", ""score"": 0.8}]","[{""raw_label"": ""neutral"", ""score"": 0.5}, {""raw_label"": ""neutral"", ""score"": 0.5}, {""raw_label"": ""neutral"", ""score"": 0.5}, {""raw_label"": ""entailment"", ""score"": 1.0}]"
hugging-quants/Meta-Llama-3.1-70B-Instruct-AWQ-INT4,summ_0001,summarization,8,0.9042613133788109,0.8786849929451938,0.029575087130069733,0.2674446724502512,0.0,0.0,0.7697082875030383,0.41163381419886264,1.0,0.975,152.25,0.7678571428571429,0.09389757402241228,0.029575087130069733,0.2674446724502512,0.5703280949679788,1.0,0.7263808076739638,Internally Stable / Output-Sensitive,0.2773788891069,0.07093966479115137,0.18350759367105784,"[{""raw_output"": ""4"", ""score"": 0.8}, {""raw_output"": ""5"", ""score"": 1.0}, {""raw_output"": ""5"", ""score"": 1.0}, {""raw_output"": ""5"", ""score"": 1.0}, {""raw_output"": ""5"", ""score"": 1.0}, {""raw_output"": ""5"", ""score"": 1.0}, {""raw_output"": ""5"", ""score"": 1.0}, {""raw_output"": ""5"", ""score"": 1.0}]","[{""raw_label"": ""entailment"", ""score"": 1.0}, {""raw_label"": ""entailment"", ""score"": 1.0}, {""raw_label"": ""entailment"", ""score"": 1.0}, {""raw_label"": ""entailment"", ""score"": 1.0}, {""raw_label"": ""entailment"", ""score"": 1.0}, {""raw_label"": ""entailment"", ""score"": 1.0}, {""raw_label"": ""entailment"", ""score"": 1.0}, {""raw_label"": ""entailment"", ""score"": 1.0}]"
hugging-quants/Meta-Llama-3.1-70B-Instruct-AWQ-INT4,summ_0002,summarization,8,0.9229488633573055,0.9106878024264593,0.02373199164867401,0.25953486880325427,0.0,0.0,0.7074508391893827,0.26386999416109,0.875,1.0,159.125,0.5769230769230769,0.16446266094079387,0.02373199164867401,0.25953486880325427,0.566659684929251,1.0,0.7233985662365989,Internally Stable / Output-Sensitive,0.2982160630814254,0.10233899189870244,0.18461351670713727,"[{""raw_output"": ""5"", ""score"": 1.0}, {""raw_output"": ""5"", ""score"": 1.0}, {""raw_output"": ""5"", ""score"": 1.0}, {""raw_output"": ""5"", ""score"": 1.0}, {""raw_output"": ""5"", ""score"": 1.0}, {""raw_output"": ""5"", ""score"": 1.0}, {""raw_output"": ""5"", ""score"": 1.0}, {""raw_output"": ""5"", ""score"": 1.0}]","[{""raw_label"": ""neutral"", ""score"": 0.5}, {""raw_label"": ""entailment"", ""score"": 1.0}, {""raw_label"": ""entailment"", ""score"": 1.0}, {""raw_label"": ""neutral"", ""score"": 0.5}, {""raw_label"": ""entailment"", ""score"": 1.0}, {""raw_label"": ""entailment"", ""score"": 1.0}, {""raw_label"": ""entailment"", ""score"": 1.0}, {""raw_label"": ""entailment"", ""score"": 1.0}]"
hugging-quants/Meta-Llama-3.1-70B-Instruct-AWQ-INT4,summ_0003,summarization,8,0.907049123197794,0.8749696224398316,0.028701305389404297,0.25001131373116464,0.0,0.0,0.6166514530777931,0.25540140300237385,0.75,0.7999999999999999,152.625,0.4453125,0.033852342143654734,0.028701305389404297,0.25001131373116464,0.5498477280411945,1.0,0.7095506456445632,Internally Stable / Output-Sensitive,0.2144554486645206,0.06812766074827868,0.10257650095420909,"[{""raw_output"": ""4"", ""score"": 0.8}, {""raw_output"": ""4"", ""score"": 0.8}, {""raw_output"": ""4"", ""score"": 0.8}, {""raw_output"": ""4"", ""score"": 0.8}, {""raw_output"": ""4"", ""score"": 0.8}, {""raw_output"": ""4"", ""score"": 0.8}, {""raw_output"": ""4"", ""score"": 0.8}, {""raw_output"": ""4"", ""score"": 0.8}]","[{""raw_label"": ""neutral"", ""score"": 0.5}, {""raw_label"": ""neutral"", ""score"": 0.5}, {""raw_label"": ""neutral"", ""score"": 0.5}, {""raw_label"": ""entailment"", ""score"": 1.0}, {""raw_label"": ""entailment"", ""score"": 1.0}, {""raw_label"": ""entailment"", ""score"": 1.0}, {""raw_label"": ""entailment"", ""score"": 1.0}, {""raw_label"": ""neutral"", ""score"": 0.5}]"
hugging-quants/Meta-Llama-3.1-70B-Instruct-AWQ-INT4,summ_0004,summarization,8,0.8139627613127232,0.8174078876530392,0.05832064896821976,0.2531105947721812,0.0,0.0,0.5697303808161192,0.40416006897310874,0.8125,0.95,153.375,0.44642857142857145,0.22188426218926893,0.05832064896821976,0.2531105947721812,0.5358545941860673,1.0,0.6977933929611946,Internally Stable / Output-Sensitive,0.20320918439972435,0.04386664992153759,0.12734487232203148,"[{""raw_output"": ""5"", ""score"": 1.0}, {""raw_output"": ""5"", ""score"": 1.0}, {""raw_output"": ""4"", ""score"": 0.8}, {""raw_output"": ""5"", ""score"": 1.0}, {""raw_output"": ""4"", ""score"": 0.8}, {""raw_output"": ""5"", ""score"": 1.0}, {""raw_output"": ""5"", ""score"": 1.0}, {""raw_output"": ""5"", ""score"": 1.0}]","[{""raw_label"": ""entailment"", ""score"": 1.0}, {""raw_label"": ""entailment"", ""score"": 1.0}, {""raw_label"": ""entailment"", ""score"": 1.0}, {""raw_label"": ""neutral"", ""score"": 0.5}, {""raw_label"": ""neutral"", ""score"": 0.5}, {""raw_label"": ""entailment"", ""score"": 1.0}, {""raw_label"": ""entailment"", ""score"": 1.0}, {""raw_label"": ""neutral"", ""score"": 0.5}]"
hugging-quants/Meta-Llama-3.1-70B-Instruct-AWQ-INT4,crea_0000,creative,8,0.8948075100779533,0.9234238200286129,0.032544687390327454,0.21526356220465231,0.0,0.0,0.3042619116604328,0.587300988621341,0.75,0.875,157.25,0.1328125,0.22308532688766713,0.032544687390327454,0.21526356220465231,0.5076404535002391,1.0,0.673423762703723,Internally Stable / Output-Sensitive,0.19841830658648946,0.05931822964146717,0.10906204202354142,"[{""raw_output"": ""4"", ""score"": 0.8}, {""raw_output"": ""5"", ""score"": 1.0}, {""raw_output"": ""4"", ""score"": 0.8}, {""raw_output"": ""5"", ""score"": 1.0}, {""raw_output"": ""5"", ""score"": 1.0}, {""raw_output"": ""5"", ""score"": 1.0}, {""raw_output"": ""5"", ""score"": 1.0}, {""raw_output"": ""2"", ""score"": 0.4}]","[{""raw_label"": ""entailment"", ""score"": 1.0}, {""raw_label"": ""entailment"", ""score"": 1.0}, {""raw_label"": ""contradiction"", ""score"": 0.0}, {""raw_label"": ""entailment"", ""score"": 1.0}, {""raw_label"": ""entailment"", ""score"": 1.0}, {""raw_label"": ""entailment"", ""score"": 1.0}, {""raw_label"": ""entailment"", ""score"": 1.0}, {""raw_label"": ""contradiction"", ""score"": 0.0}]"
hugging-quants/Meta-Llama-3.1-70B-Instruct-AWQ-INT4,crea_0001,creative,8,0.8784885480999947,0.9381974675978504,0.03769206255674362,0.22740813190423154,0.0,0.0,0.5764123852200368,0.7052514946220396,1.0,0.975,160.75,0.3088235294117648,0.1718602459329892,0.03769206255674362,0.22740813190423154,0.523509435380531,1.0,0.6872414744839078,Internally Stable / Output-Sensitive,0.3585019551053386,0.09104843987580016,0.185180834180855,"[{""raw_output"": ""5"", ""score"": 1.0}, {""raw_output"": ""5"", ""score"": 1.0}, {""raw_output"": ""5"", ""score"": 1.0}, {""raw_output"": ""5"", ""score"": 1.0}, {""raw_output"": ""5"", ""score"": 1.0}, {""raw_output"": ""4"", ""score"": 0.8}, {""raw_output"": ""5"", ""score"": 1.0}, {""raw_output"": ""5"", ""score"": 1.0}]","[{""raw_label"": ""entailment"", ""score"": 1.0}, {""raw_label"": ""entailment"", ""score"": 1.0}, {""raw_label"": ""entailment"", ""score"": 1.0}, {""raw_label"": ""entailment"", ""score"": 1.0}, {""raw_label"": ""entailment"", ""score"": 1.0}, {""raw_label"": ""entailment"", ""score"": 1.0}, {""raw_label"": ""entailment"", ""score"": 1.0}, {""raw_label"": ""entailment"", ""score"": 1.0}]"
hugging-quants/Meta-Llama-3.1-70B-Instruct-AWQ-INT4,crea_0002,creative,7,0.9433611948043108,0.8910752616764827,0.01713852398097515,0.22237574648298064,0.0,0.0,0.5774305504577166,0.49847559502642547,1.0,1.0,164.71428571428572,0.28291316526610644,0.17055482941807487,0.01713852398097515,0.22237574648298064,0.5197093482277879,1.0,0.6839588752070888,Internally Stable / Output-Sensitive,0.27222667181931287,0.09239234084930205,0.1379319529889679,"[{""raw_output"": ""5"", ""score"": 1.0}, {""raw_output"": ""5"", ""score"": 1.0}, {""raw_output"": ""5"", ""score"": 1.0}, {""raw_output"": ""5"", ""score"": 1.0}, {""raw_output"": ""5"", ""score"": 1.0}, {""raw_output"": ""5"", ""score"": 1.0}, {""raw_output"": ""5"", ""score"": 1.0}]","[{""raw_label"": ""entailment"", ""score"": 1.0}, {""raw_label"": ""entailment"", ""score"": 1.0}, {""raw_label"": ""entailment"", ""score"": 1.0}, {""raw_label"": ""entailment"", ""score"": 1.0}, {""raw_label"": ""entailment"", ""score"": 1.0}, {""raw_label"": ""entailment"", ""score"": 1.0}, {""raw_label"": ""entailment"", ""score"": 1.0}]"
hugging-quants/Meta-Llama-3.1-70B-Instruct-AWQ-INT4,crea_0003,creative,8,0.922152616083622,0.961433683851959,0.02398020029067993,0.2128622514984791,0.0,0.0,0.2805061139166355,0.5520226836831729,1.0,1.0,151.0,0.125,0.2829618136957288,0.02398020029067993,0.2128622514984791,0.5097505244012014,1.0,0.6752778239350228,Internally Stable / Output-Sensitive,0.1309682479168398,0.046759433568848346,0.08131953846925026,"[{""raw_output"": ""5"", ""score"": 1.0}, {""raw_output"": ""5"", ""score"": 1.0}, {""raw_output"": ""5"", ""score"": 1.0}, {""raw_output"": ""5"", ""score"": 1.0}, {""raw_output"": ""5"", ""score"": 1.0}, {""raw_output"": ""5"", ""score"": 1.0}, {""raw_output"": ""5"", ""score"": 1.0}, {""raw_output"": ""5"", ""score"": 1.0}]","[{""raw_label"": ""entailment"", ""score"": 1.0}, {""raw_label"": ""entailment"", ""score"": 1.0}, {""raw_label"": ""entailment"", ""score"": 1.0}, {""raw_label"": ""entailment"", ""score"": 1.0}, {""raw_label"": ""entailment"", ""score"": 1.0}, {""raw_label"": ""entailment"", ""score"": 1.0}, {""raw_label"": ""entailment"", ""score"": 1.0}, {""raw_label"": ""entailment"", ""score"": 1.0}]"
hugging-quants/Meta-Llama-3.1-70B-Instruct-AWQ-INT4,crea_0004,creative,4,0.8457046151161194,0.9382465877718931,0.04300537705421448,0.21021994058683743,0.0,0.0,0.2617974782710547,0.6338768115942028,0.75,0.8999999999999999,144.25,0.13736263736263735,0.28258903655868295,0.04300537705421448,0.21021994058683743,0.4968867275984992,1.0,0.6638935577920043,Internally Stable / Output-Sensitive,0.1732371823971035,0.04516772591255046,0.0821997867468122,"[{""raw_output"": ""5"", ""score"": 1.0}, {""raw_output"": ""4"", ""score"": 0.8}, {""raw_output"": ""5"", ""score"": 1.0}, {""raw_output"": ""4"", ""score"": 0.8}]","[{""raw_label"": ""entailment"", ""score"": 1.0}, {""raw_label"": ""entailment"", ""score"": 1.0}, {""raw_label"": ""entailment"", ""score"": 1.0}, {""raw_label"": ""contradiction"", ""score"": 0.0}]"
hugging-quants/Meta-Llama-3.1-70B-Instruct-AWQ-INT4,dial_0000,dialogue,1,1.0,1.0,0.0,1.0,0.0,0.0,1.0,0.0,1.0,0.4,3.0,1.0,0.44999999999999996,0.0,1.0,1.0,1.0,1.0,Robust,1.0,1.0,1.0,"[{""raw_output"": ""2"", ""score"": 0.4}]","[{""raw_label"": ""entailment"", ""score"": 1.0}]"
hugging-quants/Meta-Llama-3.1-70B-Instruct-AWQ-INT4,dial_0001,dialogue,8,0.6930512562394142,0.17384381414815442,0.09824515134096146,0.30000001098857204,0.0,0.0,0.8823957815766335,0.33909606336076925,0.625,0.525,44.75,1.0,0.21730902604758728,0.09824515134096146,0.30000001098857204,0.34371742079927337,1.0,0.5115918205403969,Internally Stable / Output-Sensitive,0.4664331462410455,0.44545278216558315,0.4664331462410455,"[{""raw_output"": ""2"", ""score"": 0.4}, {""raw_output"": ""1"", ""score"": 0.2}, {""raw_output"": ""1"", ""score"": 0.2}, {""raw_output"": ""4"", ""score"": 0.8}, {""raw_output"": ""2"", ""score"": 0.4}, {""raw_output"": ""5"", ""score"": 1.0}, {""raw_output"": ""5"", ""score"": 1.0}, {""raw_output"": ""1"", ""score"": 0.2}]","[{""raw_label"": ""neutral"", ""score"": 0.5}, {""raw_label"": ""neutral"", ""score"": 0.5}, {""raw_label"": ""neutral"", ""score"": 0.5}, {""raw_label"": ""entailment"", ""score"": 1.0}, {""raw_label"": ""entailment"", ""score"": 1.0}, {""raw_label"": ""neutral"", ""score"": 0.5}, {""raw_label"": ""neutral"", ""score"": 0.5}, {""raw_label"": ""neutral"", ""score"": 0.5}]"
hugging-quants/Meta-Llama-3.1-70B-Instruct-AWQ-INT4,dial_0003,dialogue,4,0.8342419862747192,0.2634402167624146,0.0462774932384491,0.30000002995814473,0.0,0.0,0.9179298356175423,0.33616383616383616,1.0,0.25,30.75,1.0,0.6549722369760275,0.0462774932384491,0.30000002995814473,0.4265994745830452,1.0,0.5980648138227139,Internally Stable / Output-Sensitive,0.47516252955082744,0.4516514998314797,0.47516252955082744,"[{""raw_output"": ""2"", ""score"": 0.4}, {""raw_output"": ""1"", ""score"": 0.2}, {""raw_output"": ""1"", ""score"": 0.2}, {""raw_output"": ""1"", ""score"": 0.2}]","[{""raw_label"": ""entailment"", ""score"": 1.0}, {""raw_label"": ""entailment"", ""score"": 1.0}, {""raw_label"": ""entailment"", ""score"": 1.0}, {""raw_label"": ""entailment"", ""score"": 1.0}]"
hugging-quants/Meta-Llama-3.1-70B-Instruct-AWQ-INT4,dial_0004,dialogue,1,1.0,0.1142857142857143,0.0,1.0,0.0,0.0,0.8791911005973816,0.8260869565217391,1.0,1.0,66.0,1.0,0.0422831147909164,0.0,1.0,0.3404255319148936,1.0,0.5079365079365079,Internally Stable / Output-Sensitive,0.1142857142857143,0.08823529411764706,0.1142857142857143,"[{""raw_output"": ""5"", ""score"": 1.0}]","[{""raw_label"": ""entailment"", ""score"": 1.0}]"
hugging-quants/Meta-Llama-3.1-70B-Instruct-AWQ-INT4,qa_0000,qa,1,1.0,0.08743169398907104,0.0,0.8203129105053266,0.0,0.0,0.8383644819259644,0.92,1.0,1.0,160.0,1.0,0.0565724313259125,0.0,0.8203129105053266,0.2729155781059684,1.0,0.42880389367541943,Internally Stable / Output-Sensitive,0.09836065573770493,0.011049723756906079,0.08743169398907104,"[{""raw_output"": ""5"", ""score"": 1.0}]","[{""raw_label"": ""entailment"", ""score"": 1.0}]"
hugging-quants/Meta-Llama-3.1-70B-Instruct-AWQ-INT4,qa_0001,qa,2,0.9294376745820045,0.9025698380828556,0.014213323593139648,0.23364915393770905,0.0,0.0,0.5386191755533218,0.9098360655737705,1.0,1.0,156.0,0.25,0.1897082187235355,0.014213323593139648,0.23364915393770905,0.5348876117116125,1.0,0.6969730000167746,Internally Stable / Output-Sensitive,0.23716768097373478,0.054176348293995355,0.1342488789237668,"[{""raw_output"": ""5"", ""score"": 1.0}, {""raw_output"": ""5"", ""score"": 1.0}]","[{""raw_label"": ""entailment"", ""score"": 1.0}, {""raw_label"": ""entailment"", ""score"": 1.0}]"
hugging-quants/Meta-Llama-3.1-70B-Instruct-AWQ-INT4,qa_0002,qa,8,0.8756653964519501,0.8584901930224559,0.038585416972637177,0.23410613555237342,0.0,0.0,0.21018370985984802,0.8559735317025946,1.0,1.0,158.25,0.0,0.32616954296827316,0.038585416972637177,0.23410613555237342,0.525036000059321,1.0,0.68855554890363,Internally Stable / Output-Sensitive,0.09536686841308117,0.008989408692996734,0.059764114968230475,"[{""raw_output"": ""5"", ""score"": 1.0}, {""raw_output"": ""5"", ""score"": 1.0}, {""raw_output"": ""5"", ""score"": 1.0}, {""raw_output"": ""5"", ""score"": 1.0}, {""raw_output"": ""5"", ""score"": 1.0}, {""raw_output"": ""5"", ""score"": 1.0}, {""raw_output"": ""5"", ""score"": 1.0}, {""raw_output"": ""5"", ""score"": 1.0}]","[{""raw_label"": ""entailment"", ""score"": 1.0}, {""raw_label"": ""entailment"", ""score"": 1.0}, {""raw_label"": ""entailment"", ""score"": 1.0}, {""raw_label"": ""entailment"", ""score"": 1.0}, {""raw_label"": ""entailment"", ""score"": 1.0}, {""raw_label"": ""entailment"", ""score"": 1.0}, {""raw_label"": ""entailment"", ""score"": 1.0}, {""raw_label"": ""entailment"", ""score"": 1.0}]"
hugging-quants/Meta-Llama-3.1-70B-Instruct-AWQ-INT4,qa_0003,qa,6,0.8728812634944916,0.8612060609424257,0.03811424970626831,0.22484087699725872,0.0,0.0,0.24036174714565275,0.8975884178714367,1.0,1.0,148.66666666666666,0.0,0.3167208831012249,0.03811424970626831,0.22484087699725872,0.5132147785906533,1.0,0.6783105555823883,Internally Stable / Output-Sensitive,0.3010882922034856,0.02121223616727395,0.14605967959254942,"[{""raw_output"": ""5"", ""score"": 1.0}, {""raw_output"": ""5"", ""score"": 1.0}, {""raw_output"": ""5"", ""score"": 1.0}, {""raw_output"": ""5"", ""score"": 1.0}, {""raw_output"": ""5"", ""score"": 1.0}, {""raw_output"": ""5"", ""score"": 1.0}]","[{""raw_label"": ""entailment"", ""score"": 1.0}, {""raw_label"": ""entailment"", ""score"": 1.0}, {""raw_label"": ""entailment"", ""score"": 1.0}, {""raw_label"": ""entailment"", ""score"": 1.0}, {""raw_label"": ""entailment"", ""score"": 1.0}, {""raw_label"": ""entailment"", ""score"": 1.0}]"
hugging-quants/Meta-Llama-3.1-70B-Instruct-AWQ-INT4,qa_0004,qa,6,0.8910061791539192,0.8926274171652339,0.03258802369236946,0.23525924729812622,0.0,0.0,0.4088527138744082,0.8644218346253231,1.0,1.0,166.33333333333334,0.21428571428571427,0.2504990784823895,0.03258802369236946,0.23525924729812622,0.5314251182408614,1.0,0.6940269059336132,Internally Stable / Output-Sensitive,0.30497594574577247,0.03397843983040207,0.160169026133794,"[{""raw_output"": ""5"", ""score"": 1.0}, {""raw_output"": ""5"", ""score"": 1.0}, {""raw_output"": ""5"", ""score"": 1.0}, {""raw_output"": ""5"", ""score"": 1.0}, {""raw_output"": ""5"", ""score"": 1.0}, {""raw_output"": ""5"", ""score"": 1.0}]","[{""raw_label"": ""entailment"", ""score"": 1.0}, {""raw_label"": ""entailment"", ""score"": 1.0}, {""raw_label"": ""entailment"", ""score"": 1.0}, {""raw_label"": ""entailment"", ""score"": 1.0}, {""raw_label"": ""entailment"", ""score"": 1.0}, {""raw_label"": ""entailment"", ""score"": 1.0}]"
