instance_id,task,variant_idx,strategy,base_text,paraphrased_text,sbert_similarity,full_prompt,input_text,reference_output
dial_0001,dialogue,0,role_prefix,What do we learn about San Francisco?,"As a tourist, what do we learn about San Francisco?",0.9002,"[SYSTEM]: Read the dialogue and answer the question using the options provided.

Dialogue:
W: Have you ever been to New Orleans?
M: No. What is it like?
W: It's one of the most interesting cities in the United States. It has a French Quarter, with narrow streets and little shops. Many of the shops and restaurants are French.
M: There's a lot of jazz music in New Orleans, isn't there?
W: Yes. You hear wonderful jazz there. New Orleans and San Francisco are my two favorite cities. Have you been to San Francisco?
M: No. What is it like?
W: It has lovely views, and one of the most beautiful bridges in the world - the Golden Gate Bridge. It's a very hilly city. The hills are in the middle of the town, so you have to walk up and down hills when you go anywhere. When you arrive, your car needs good brakes.
M: Do you have to drive? Can't you take buses?
W: Well, most people who visit San Francisco ride in the cable cars. A cable car goes on tracks, and a strong cable pulls it up the hills.
M: That doesn't sound very safe.
W: Don't worry. Hundreds of people ride in cable cars every day.

Question: As a tourist, what do we learn about San Francisco?
Options:
- It is a city built in the mountains.
- It has the world-famous bridge.
- Visiting the city is not so easy.
Answer:","W: Have you ever been to New Orleans?
M: No. What is it like?
W: It's one of the most interesting cities in the United States. It has a French Quarter, with narrow streets and little shops. Many of the shops and restaurants are French.
M: There's a lot of jazz music in New Orleans, isn't there?
W: Yes. You hear wonderful jazz there. New Orleans and San Francisco are my two favorite cities. Have you been to San Francisco?
M: No. What is it like?
W: It has lovely views, and one of the most beautiful bridges in the world - the Golden Gate Bridge. It's a very hilly city. The hills are in the middle of the town, so you have to walk up and down hills when you go anywhere. When you arrive, your car needs good brakes.
M: Do you have to drive? Can't you take buses?
W: Well, most people who visit San Francisco ride in the cable cars. A cable car goes on tracks, and a strong cable pulls it up the hills.
M: That doesn't sound very safe.
W: Don't worry. Hundreds of people ride in cable cars every day.",It has the world-famous bridge.
dial_0003,dialogue,0,question_form,The woman's last inquiry is mainly concerned with ________.,What is the woman's last inquiry mainly concerned with?,0.8752,"[SYSTEM]: Read the dialogue and answer the question using the options provided.

Dialogue:
M: Parcel Express, good morning! How can I help you?
W: Good morning. I'm thinking of sending a parcel to New York next week. Can you tell me what the procedure is, please?
M: Certainly. When you ring us, we need the following information. The invoice address: that's probably your address, isn't it? And then, the pickup address. That's different. And the contact phone number.
W: Just a moment. I'm taking notes. Phone number, right.
M: Then we need the full name, address and phone number of the person you are sending the parcel to.
W: Ok, anything else?
M: Yes, the weight and dimensions of the parcel. That's height, weight and length. And the value of the goods and full description.
W: Value, description.
M: Yes, but don't seal the parcel. You need to leave it open so that the driver can check the contents when he collects it. After the recent bombing, the airline said that we'd have to check all parcels. They told us we had to do it.
W: Fine. Now last question. How long will the parcel take to get to New York?
M: One to two working days. There are daily flights at midday. And if we collect the parcel from you at 10:15 then your parcel catches that flight and it will arrive in 24 hours.
W: Right. Thank you very much. You've been very helpful.
M: Not at all. Goodbye.
W: Goodbye.

Question: What is the woman's last inquiry mainly concerned with?
Options:
- the time needed for sending the parcel
- the flight time to New York
- the parcel destination
Answer:","M: Parcel Express, good morning! How can I help you?
W: Good morning. I'm thinking of sending a parcel to New York next week. Can you tell me what the procedure is, please?
M: Certainly. When you ring us, we need the following information. The invoice address: that's probably your address, isn't it? And then, the pickup address. That's different. And the contact phone number.
W: Just a moment. I'm taking notes. Phone number, right.
M: Then we need the full name, address and phone number of the person you are sending the parcel to.
W: Ok, anything else?
M: Yes, the weight and dimensions of the parcel. That's height, weight and length. And the value of the goods and full description.
W: Value, description.
M: Yes, but don't seal the parcel. You need to leave it open so that the driver can check the contents when he collects it. After the recent bombing, the airline said that we'd have to check all parcels. They told us we had to do it.
W: Fine. Now last question. How long will the parcel take to get to New York?
M: One to two working days. There are daily flights at midday. And if we collect the parcel from you at 10:15 then your parcel catches that flight and it will arrive in 24 hours.
W: Right. Thank you very much. You've been very helpful.
M: Not at all. Goodbye.
W: Goodbye.",the time needed for sending the parcel
dial_0003,dialogue,1,simple_vocab,The woman's last inquiry is mainly concerned with ________.,The woman's last inquiry is mainly about _.,0.8647,"[SYSTEM]: Read the dialogue and answer the question using the options provided.

Dialogue:
M: Parcel Express, good morning! How can I help you?
W: Good morning. I'm thinking of sending a parcel to New York next week. Can you tell me what the procedure is, please?
M: Certainly. When you ring us, we need the following information. The invoice address: that's probably your address, isn't it? And then, the pickup address. That's different. And the contact phone number.
W: Just a moment. I'm taking notes. Phone number, right.
M: Then we need the full name, address and phone number of the person you are sending the parcel to.
W: Ok, anything else?
M: Yes, the weight and dimensions of the parcel. That's height, weight and length. And the value of the goods and full description.
W: Value, description.
M: Yes, but don't seal the parcel. You need to leave it open so that the driver can check the contents when he collects it. After the recent bombing, the airline said that we'd have to check all parcels. They told us we had to do it.
W: Fine. Now last question. How long will the parcel take to get to New York?
M: One to two working days. There are daily flights at midday. And if we collect the parcel from you at 10:15 then your parcel catches that flight and it will arrive in 24 hours.
W: Right. Thank you very much. You've been very helpful.
M: Not at all. Goodbye.
W: Goodbye.

Question: The woman's last inquiry is mainly about _.
Options:
- the time needed for sending the parcel
- the flight time to New York
- the parcel destination
Answer:","M: Parcel Express, good morning! How can I help you?
W: Good morning. I'm thinking of sending a parcel to New York next week. Can you tell me what the procedure is, please?
M: Certainly. When you ring us, we need the following information. The invoice address: that's probably your address, isn't it? And then, the pickup address. That's different. And the contact phone number.
W: Just a moment. I'm taking notes. Phone number, right.
M: Then we need the full name, address and phone number of the person you are sending the parcel to.
W: Ok, anything else?
M: Yes, the weight and dimensions of the parcel. That's height, weight and length. And the value of the goods and full description.
W: Value, description.
M: Yes, but don't seal the parcel. You need to leave it open so that the driver can check the contents when he collects it. After the recent bombing, the airline said that we'd have to check all parcels. They told us we had to do it.
W: Fine. Now last question. How long will the parcel take to get to New York?
M: One to two working days. There are daily flights at midday. And if we collect the parcel from you at 10:15 then your parcel catches that flight and it will arrive in 24 hours.
W: Right. Thank you very much. You've been very helpful.
M: Not at all. Goodbye.
W: Goodbye.",the time needed for sending the parcel
